time;OPC-T;OPC-RH;pm1;pm2.5;pm10
2024-06-06 10:33:54;32.217898832684824;40.939955748836496;0.7102494835853577;1.9293115139007568;8.52791976928711
