time;OPC-T;OPC-RH;pm1;pm2.5;pm10
2024-06-06 13:27:30;31.974898908979938;41.4526588845655;0.316502183675766;0.8963541388511658;3.5537378787994385
