time;OPC-T;OPC-RH;pm1;pm2.5;pm10
2024-06-06 13:25:43;31.961547264820325;41.80056458381018;0.0;0.0;0.0
