time,b0,b1,b2,b3,b4,b5,b6,b7,b8,b9,b10,b11,b12,b13,b14,b15,b16,b17,b18,b19,b20,b21,b22,b23,MToF,period,FlowRate,OPC-T,OPC-RH,pm1,pm2.5,pm10 Check
2024-06-06 10:03:37;12031;547;31.974898908979938;41.2512397955291;3.4895057678222656;9.317305564880371;48.547428131103516;
