time;OPC-T;OPC-RH;pm1;pm2.5;pm10
2024-06-06 11:23:55;32.27397573815519;40.85297932402533;90.94828796386719;255.60812377929688;1253.1220703125
